"sentence","positive_score","negative_score","positive_fuzzy","negative_fuzzy"
"i loooooooovvvvvveee my kindle not that the dx is cool but the is fantastic in its own right","0.382","0.0","[0.054455445544554504, 0.9455445544554455, 0.0]","[1.0, 1.0, 1.0]"
"reading my kindle love it lee childs is good read","0.47","0.0","[0.0, 0.8366336633663367, 0.16336633663366323]","[1.0, 1.0, 1.0]"
"ok first assesment of the kindle it fucking rocks","0.216","0.0","[0.46534653465346537, 0.5346534653465346, 0.0]","[1.0, 1.0, 1.0]"
"you will love your kindle i have had mine for a few months and never looked back the new big one is huge no need for remorse","0.204","0.135","[0.4950495049504951, 0.5049504950495048, 0.0]","[0.0, 0.0, 0.0]"
"fair enough but i have the kindle and i think it is perfect","0.427","0.0","[0.0, 0.9430693069306931, 0.05693069306930684]","[1.0, 1.0, 1.0]"
"no it is too big i am quite happy with the kindle","0.263","0.145","[0.34900990099009904, 0.650990099009901, 0.0]","[0.0, 0.0, 0.0]"
"fuck this economy i hate aig and their non loan given asses","0.0","0.444","[1.0, 0.0, 0.0]","[0.0, 0.0, 0.0]"
"jquery is my new best friend","0.649","0.0","[0.0, 0.39356435643564364, 0.6064356435643564]","[1.0, 1.0, 1.0]"
"loves twitter","0.787","0.0","[0.0, 0.051980198019802026, 0.948019801980198]","[1.0, 1.0, 1.0]"
"how can you not love obama he makes jokes about himself","0.139","0.234","[0.6559405940594059, 0.3440594059405941, 0.0]","[0.0, 0.0, 0.0]"
"i firmly believe that obama pelosi have zero desire to be civil it is a charade and a slogan but they want to destroy conservatism","0.122","0.176","[0.6980198019801981, 0.3019801980198019, 0.0]","[0.0, 0.0, 0.0]"
"house correspondents dinner was last night whoopi barbara amp sherri went obama got a standing ovation","0.0","0.0","[1.0, 0.0, 0.0]","[1.0, 1.0, 1.0]"
"watchin espn jus seen this new nike commerical with a puppet lebron sh t was hilarious lmao","0.337","0.0","[0.16584158415841585, 0.8341584158415841, 0.0]","[1.0, 1.0, 1.0]"
"dear nike stop with the flywire that shit is a waste of science and ugly love","0.245","0.43","[0.3935643564356436, 0.6064356435643563, 0.0]","[0.0, 0.0, 0.0]"
"lebron best athlete of our generation if not all time basketball related i don t want to get into inter sport debates about __","0.216","0.0","[0.46534653465346537, 0.5346534653465346, 0.0]","[1.0, 1.0, 1.0]"
"i was talking to this guy last night and he was telling me that he is a die hard spurs fan he also told me that he hates lebron james","0.067","0.238","[0.8341584158415841, 0.16584158415841585, 0.0]","[0.0, 0.0, 0.0]"
"i love lebron","0.808","0.0","[0.0, 0.0, 1.0]","[1.0, 1.0, 1.0]"
"lebron is a beast but i am still cheering the a til the end","0.308","0.0","[0.23762376237623767, 0.7623762376237623, 0.0]","[1.0, 1.0, 1.0]"
"lebron is the boss","0.0","0.0","[1.0, 0.0, 0.0]","[1.0, 1.0, 1.0]"
"lebron is a hometown hero to me lol i love the lakers but let us go cavs lol","0.467","0.0","[0.0, 0.844059405940594, 0.15594059405940594]","[1.0, 1.0, 1.0]"
"lebron and zydrunas are such an awesome duo","0.369","0.0","[0.08663366336633671, 0.9133663366336633, 0.0]","[1.0, 1.0, 1.0]"
"lebron is a beast nobody in the nba comes even close","0.0","0.0","[1.0, 0.0, 0.0]","[1.0, 1.0, 1.0]"
"downloading apps for my iphone so much fun there literally is an app for just about anything","0.183","0.0","[0.5470297029702971, 0.45297029702970293, 0.0]","[1.0, 1.0, 1.0]"
"good news just had a call from the visa office saying everything is fine what a relief i am sick of scams out there stealing","0.225","0.312","[0.4430693069306931, 0.5569306930693069, 0.0]","[0.0, 0.0, 0.0]"
"awesome come back from via","0.506","0.0","[0.0, 0.7475247524752476, 0.2524752475247524]","[1.0, 1.0, 1.0]"
"in montreal for a long weekend of r amp r much needed","0.0","0.0","[1.0, 0.0, 0.0]","[1.0, 1.0, 1.0]"
"booz allen hamilton has a bad ass homegrown social collaboration platform way cool ttiv","0.422","0.0","[0.0, 0.9554455445544555, 0.044554455445544455]","[1.0, 1.0, 1.0]"
"mluc customer innovation award winner booz allen hamilton","0.664","0.0","[0.0, 0.3564356435643565, 0.6435643564356436]","[1.0, 1.0, 1.0]"
"i current use the nikon d and love it but not as much as the canon d d i chose the d for the video feature my mistake","0.101","0.121","[0.75, 0.25, 0.0]","[0.0, 0.0, 0.0]"
"google is always a good place to look should ve mentioned i worked on the mustang w my dad","0.162","0.0","[0.5990099009900991, 0.400990099009901, 0.0]","[1.0, 1.0, 1.0]"
"played with an android google phone the slide out screen scares me i would break that fucker so fast still prefer my iphone","0.085","0.238","[0.7896039603960396, 0.21039603960396042, 0.0]","[0.0, 0.0, 0.0]"
"us planning to resume the military tribunals at guantanamo bay only this time those on trial will be aig execs and chrysler debt holders","0.0","0.098","[1.0, 0.0, 0.0]","[0.0, 0.0, 0.0]"
"omg so bored amp my tattoooos are so itchy help aha","0.185","0.319","[0.5420792079207921, 0.4579207920792079, 0.0]","[0.0, 0.0, 0.0]"
"i am itchy and miserable","0.0","0.726","[1.0, 0.0, 0.0]","[0.0, 0.0, 0.0]"
"no i am not itchy for now maybe later lol","0.36","0.172","[0.10891089108910901, 0.891089108910891, 0.0]","[0.0, 0.0, 0.0]"
"rt i love the nerdy stanford human biology videos makes me miss school","0.263","0.175","[0.34900990099009904, 0.650990099009901, 0.0]","[0.0, 0.0, 0.0]"
"has been a bit crazy with steep learning curve but lyx is really good for long docs for anything shorter it would be insane","0.145","0.178","[0.6410891089108912, 0.35891089108910884, 0.0]","[0.0, 0.0, 0.0]"
"i am listening to p y t by danny gokey lt lt lt aww he is so amazing i lt him so much","0.223","0.0","[0.44801980198019803, 0.5519801980198019, 0.0]","[1.0, 1.0, 1.0]"
"is going to sleep then on a bike ride","0.0","0.0","[1.0, 0.0, 0.0]","[1.0, 1.0, 1.0]"
"cannot sleep my tooth is aching","0.0","0.39","[1.0, 0.0, 0.0]","[0.0, 0.0, 0.0]"
"blah blah blah same old same old no plans today going back to sleep i guess","0.0","0.368","[1.0, 0.0, 0.0]","[0.0, 0.0, 0.0]"
"glad i did not do bay to breakers today it is freaking degrees in san francisco wtf","0.133","0.292","[0.6707920792079208, 0.3292079207920792, 0.0]","[0.0, 0.0, 0.0]"
"obama administration must stop bonuses to aig ponzi schemers","0.281","0.172","[0.3044554455445544, 0.6955445544554456, 0.0]","[0.0, 0.0, 0.0]"
"started to think that citi is in really deep s amp t are they gonna survive the turmoil or are they gonna be the next aig","0.0","0.098","[1.0, 0.0, 0.0]","[0.0, 0.0, 0.0]"
"shaunwoo hate n on aig","0.0","0.552","[1.0, 0.0, 0.0]","[0.0, 0.0, 0.0]"
"you will not regret going to see star trek it was awesome","0.391","0.0","[0.03217821782178221, 0.9678217821782178, 0.0]","[1.0, 1.0, 1.0]"
"annoying new trend on the internets people picking apart michael lewis and malcolm gladwell nobody wants to read that","0.0","0.13","[1.0, 0.0, 0.0]","[0.0, 0.0, 0.0]"
"highly recommend by malcolm gladwell","0.411","0.0","[0.0, 0.9826732673267328, 0.017326732673267203]","[1.0, 1.0, 1.0]"
"blink by malcolm gladwell amazing book and the tipping point","0.297","0.0","[0.2648514851485149, 0.735148514851485, 0.0]","[1.0, 1.0, 1.0]"
"malcolm gladwell might be my new man crush","0.0","0.186","[1.0, 0.0, 0.0]","[0.0, 0.0, 0.0]"
"omg the commercials alone on espn are going to drive me nuts","0.0","0.301","[1.0, 0.0, 0.0]","[0.0, 0.0, 0.0]"
"playing with twitter api sounds fun may need to take a class or find a new friend who like to generate results with api code","0.362","0.0","[0.10396039603960405, 0.896039603960396, 0.0]","[1.0, 1.0, 1.0]"
"hello twitter api","0.0","0.0","[1.0, 0.0, 0.0]","[1.0, 1.0, 1.0]"
"because the twitter api is slow and most client s aren t good","0.24","0.0","[0.40594059405940597, 0.5940594059405939, 0.0]","[1.0, 1.0, 1.0]"
"yahoo answers can be a butt sometimes","0.0","0.0","[1.0, 0.0, 0.0]","[1.0, 1.0, 1.0]"
"is scrapbooking with nic d","0.0","0.0","[1.0, 0.0, 0.0]","[1.0, 1.0, 1.0]"
"rt five things wolfram alpha does better and vastly different than google","0.209","0.0","[0.4826732673267327, 0.5173267326732672, 0.0]","[1.0, 1.0, 1.0]"
"just changed my default pic to a nike basketball cause bball is awesome","0.272","0.0","[0.32673267326732675, 0.6732673267326733, 0.0]","[1.0, 1.0, 1.0]"
"rt was just told that nike layoffs started today","0.0","0.0","[1.0, 0.0, 0.0]","[1.0, 1.0, 1.0]"
"back when i worked for nike we had one fav word just do it","0.2","0.0","[0.504950495049505, 0.49504950495049505, 0.0]","[1.0, 1.0, 1.0]"
"by the way i am totally inspired by this freaky nike commercial","0.233","0.167","[0.42326732673267325, 0.5767326732673267, 0.0]","[0.0, 0.0, 0.0]"
"class the d is supposed to come today","0.0","0.0","[1.0, 0.0, 0.0]","[1.0, 1.0, 1.0]"
"needs someone to explain lambda calculus to him","0.0","0.0","[1.0, 0.0, 0.0]","[1.0, 1.0, 1.0]"
"took the graduate field exam for computer science today nothing makes you feel like more of an idiot than lambda calculus","0.1","0.142","[0.7524752475247525, 0.24752475247524752, 0.0]","[0.0, 0.0, 0.0]"
"shout outs to all east palo alto for being in the buildin karizmakaze cal gta also thanks to profits of doom universal hempz cracka","0.197","0.092","[0.5123762376237624, 0.4876237623762376, 0.0]","[0.0, 0.0, 0.0]"
"yeahhhhhhhhh i wouldn t really have lived in east palo alto if i could have avoided it i guess it is only for the summer","0.0","0.107","[1.0, 0.0, 0.0]","[0.0, 0.0, 0.0]"
"great stanford course thanks for making it available to the public really helpful and informative for starting off","0.402","0.0","[0.007525752575257552, 0.98989898989899, 0.0025752575257525978]","[1.0, 1.0, 1.0]"
"work til pm let us go lakers","0.0","0.0","[1.0, 0.0, 0.0]","[1.0, 1.0, 1.0]"
"damn you north korea","0.0","0.474","[1.0, 0.0, 0.0]","[0.0, 0.0, 0.0]"
"can we just go ahead and blow north korea off the map already","0.0","0.0","[1.0, 0.0, 0.0]","[1.0, 1.0, 1.0]"
"north korea please cease this douchebaggery china doesn t even like you anymore","0.324","0.0","[0.19801980198019806, 0.801980198019802, 0.0]","[1.0, 1.0, 1.0]"
"why the he will is pelosi in freakin china and on whose dime","0.0","0.0","[1.0, 0.0, 0.0]","[1.0, 1.0, 1.0]"
"are you burning more cash than chrysler and gm stop the financial tsunami where bailout means taking a handout","0.0","0.184","[1.0, 0.0, 0.0]","[0.0, 0.0, 0.0]"
"insects have infected my spinach plant","0.0","0.39","[1.0, 0.0, 0.0]","[0.0, 0.0, 0.0]"
"wish i could catch every mosquito in the world n burn em slowly they been bitin the shit outta me day mosquitos are the assholes of insects","0.206","0.117","[0.49009900990099015, 0.5099009900990098, 0.0]","[0.0, 0.0, 0.0]"
"just got back from church and i totally hate insects","0.0","0.333","[1.0, 0.0, 0.0]","[0.0, 0.0, 0.0]"
"just got mcdonalds goddam those eggs make me sick o yeah laker up date go lakers not much of an update we will it is true so suck it","0.13","0.274","[0.6782178217821783, 0.3217821782178218, 0.0]","[0.0, 0.0, 0.0]"
"omgg i ohhdee want mcdonalds damn i wonder if its open lol","0.297","0.196","[0.2648514851485149, 0.735148514851485, 0.0]","[0.0, 0.0, 0.0]"
"history exam studying ugh","0.0","0.483","[1.0, 0.0, 0.0]","[0.0, 0.0, 0.0]"
"i hate revision it is so boring i am totally unprepared for my exam tomorrow things are not looking good","0.0","0.378","[1.0, 0.0, 0.0]","[0.0, 0.0, 0.0]"
"higher physics exam tommorow not lookin forward to it much","0.0","0.0","[1.0, 0.0, 0.0]","[1.0, 1.0, 1.0]"
"it is a bank holiday yet i am only out of work now exam season sucks","0.157","0.145","[0.6113861386138614, 0.38861386138613857, 0.0]","[0.0, 0.0, 0.0]"
"cheney and bush are the real culprits","0.0","0.0","[1.0, 0.0, 0.0]","[1.0, 1.0, 1.0]"
"life s a bitch and so is dick cheney p bipart tlot tcot hhrs gop dnc","0.0","0.401","[1.0, 0.0, 0.0]","[0.0, 0.0, 0.0]"
"dick cheney s dishonest speech about torture terror and obama fred kaplan slate","0.0","0.641","[1.0, 0.0, 0.0]","[0.0, 0.0, 0.0]"
"the republican party is a bunch of anti abortion zealots who couldn t draw flies to a dump neal boortz just now on the radio","0.099","0.245","[0.754950495049505, 0.24504950495049505, 0.0]","[0.0, 0.0, 0.0]"
"is twitter s connections api broken some tweets didn t make it to twitter","0.0","0.22","[1.0, 0.0, 0.0]","[0.0, 0.0, 0.0]"
"i srsly hate the stupid twitter api timeout thing soooo annoying","0.0","0.583","[1.0, 0.0, 0.0]","[0.0, 0.0, 0.0]"
"i really liked learning jquery book is worth a look too","0.416","0.0","[0.0, 0.9702970297029704, 0.02970297029702959]","[1.0, 1.0, 1.0]"
"very interesting ad from adobe by goodby silverstein amp partners youtube adobe cs le sens propre","0.166","0.0","[0.5891089108910891, 0.4108910891089109, 0.0]","[1.0, 1.0, 1.0]"
"goodby silverstein agency new site great","0.451","0.0","[0.0, 0.8836633663366337, 0.1163366336633663]","[1.0, 1.0, 1.0]"
"rt goodby silverstein s new site i enjoy it nice find","0.462","0.0","[0.0, 0.8564356435643564, 0.14356435643564355]","[1.0, 1.0, 1.0]"
"the ever amazing psyop and goodby silverstein amp partners for hp have to go play with after effects now","0.267","0.0","[0.33910891089108913, 0.6608910891089109, 0.0]","[1.0, 1.0, 1.0]"
"top ten most watched on viral video chart love the nike mostvaluablepuppets campaign from wieden amp kennedy","0.286","0.0","[0.29207920792079217, 0.7079207920792079, 0.0]","[1.0, 1.0, 1.0]"
"zomg i have a g","0.0","0.0","[1.0, 0.0, 0.0]","[1.0, 1.0, 1.0]"
"ok so lots of buzz from io but how lucky are they a free g","0.494","0.0","[0.0, 0.7772277227722774, 0.2227722772277227]","[1.0, 1.0, 1.0]"
"just got a free g android at google i o","0.398","0.0","[0.014851485148514863, 0.9851485148514851, 0.0]","[1.0, 1.0, 1.0]"
"guess i will be retiring my g and start using my developer g woot googleio","0.203","0.0","[0.4975247524752475, 0.5024752475247525, 0.0]","[1.0, 1.0, 1.0]"
"i am happy for philip being at googleio today","0.346","0.0","[0.1435643564356437, 0.8564356435643563, 0.0]","[1.0, 1.0, 1.0]"
"lakers played great cannot wait for thursday night lakers vs","0.448","0.0","[0.0, 0.8910891089108911, 0.10891089108910887]","[1.0, 1.0, 1.0]"
"judd apatow creates fake sitcom on nbc com to market his new movie viral marketing at its best","0.258","0.127","[0.36138613861386143, 0.6386138613861386, 0.0]","[0.0, 0.0, 0.0]"
"viral marketing fail this acia pills brand oughta get shut down for hacking into people s messenger s i get msgs in a day arrrgh","0.0","0.149","[1.0, 0.0, 0.0]","[0.0, 0.0, 0.0]"
"watching night at the museum lmao","0.438","0.0","[0.0, 0.9158415841584159, 0.0841584158415841]","[1.0, 1.0, 1.0]"
"i loved night at the museum","0.494","0.0","[0.0, 0.7772277227722774, 0.2227722772277227]","[1.0, 1.0, 1.0]"
"just got back from the movies went to see the new night at the museum with rachel it was good","0.132","0.0","[0.6732673267326733, 0.32673267326732675, 0.0]","[1.0, 1.0, 1.0]"
"i will take you on a date to see night at the museum whenever you want it looks soooooo good","0.208","0.0","[0.4851485148514852, 0.5148514851485148, 0.0]","[1.0, 1.0, 1.0]"
"no watching the night at the museum getting really good","0.238","0.164","[0.4108910891089109, 0.589108910891089, 0.0]","[0.0, 0.0, 0.0]"
"night at the museum wolverine and junk food perfect monday","0.291","0.0","[0.2797029702970298, 0.7202970297029702, 0.0]","[1.0, 1.0, 1.0]"
"saw night at the museum last night pretty crazy movie but the cast was awesome so it was we will worth it robin williams forever","0.308","0.052","[0.23762376237623767, 0.7623762376237623, 0.0]","[0.0, 0.0, 0.0]"
"night at the museum tonite instead of up oh we will that yr old better enjoy it lol","0.372","0.0","[0.07920792079207928, 0.9207920792079207, 0.0]","[1.0, 1.0, 1.0]"
"it is unfortunate that after the stimulus plan was put in place twice to help gm on the back of the american people has led to the inevitable","0.085","0.095","[0.7896039603960396, 0.21039603960396042, 0.0]","[0.0, 0.0, 0.0]"
"tell me again why we are giving more to gm we should use that for all the programs that support the unemployed","0.203","0.0","[0.4975247524752475, 0.5024752475247525, 0.0]","[1.0, 1.0, 1.0]"
"oh yes but if gm dies it will only be worth more boo hahaha","0.464","0.0","[0.0, 0.8514851485148515, 0.1485148514851485]","[1.0, 1.0, 1.0]"
"time warner cable is down again rd time since memorial day bummer","0.0","0.191","[1.0, 0.0, 0.0]","[0.0, 0.0, 0.0]"
"i would rather pay reasonable yearly taxes for free fast internet than get gouged by time warner for a slow connection","0.152","0.065","[0.6237623762376238, 0.3762376237623762, 0.0]","[0.0, 0.0, 0.0]"
"nooooooo my dvr just died and i was only half way through the ea presser hate you time warner","0.0","0.313","[1.0, 0.0, 0.0]","[0.0, 0.0, 0.0]"
"f ck time warner cable you f cking suck balls i have a hd tv amp my damn hd channels hardly ever come in bullshit","0.0","0.343","[1.0, 0.0, 0.0]","[0.0, 0.0, 0.0]"
"time warner has the worse customer service ever i will never use them again","0.0","0.205","[1.0, 0.0, 0.0]","[0.0, 0.0, 0.0]"
"time warner is the devil worst possible time for the internet to go out","0.0","0.415","[1.0, 0.0, 0.0]","[0.0, 0.0, 0.0]"
"fuck no internet damn time warner","0.0","0.737","[1.0, 0.0, 0.0]","[0.0, 0.0, 0.0]"
"time warner really picks the worst time to not work all i want to do is get to mtv com so i can watch the hills wtfffff","0.0","0.195","[1.0, 0.0, 0.0]","[0.0, 0.0, 0.0]"
"i hate time warner soooo wish i had vios cannot watch the fricken mets game w o buffering i feel like i am watching free internet porn","0.291","0.127","[0.2797029702970298, 0.7202970297029702, 0.0]","[0.0, 0.0, 0.0]"
"ahh got rid of stupid time warner today amp now taking a nap while the roomies cook for me pretty good end for a monday","0.207","0.115","[0.48762376237623767, 0.5123762376237623, 0.0]","[0.0, 0.0, 0.0]"
"time warner s hd line up is crap","0.0","0.302","[1.0, 0.0, 0.0]","[0.0, 0.0, 0.0]"
"is being fucked by time warner cable did not know modems could explode and susan boyle sucks too","0.0","0.301","[1.0, 0.0, 0.0]","[0.0, 0.0, 0.0]"
"time warner cable slogan where calling it a day at pm happens","0.0","0.0","[1.0, 0.0, 0.0]","[1.0, 1.0, 1.0]"
"recovering from surgery wishing was here","0.275","0.0","[0.3193069306930693, 0.6806930693069307, 0.0]","[1.0, 1.0, 1.0]"
"my wrist still hurts i have to get it looked at i hate the dr dentist scary places time to watch eagle eye if you want to join txt","0.099","0.282","[0.754950495049505, 0.24504950495049505, 0.0]","[0.0, 0.0, 0.0]"
"the dentist lied u will not feel any discomort prob will not even need pain pills man u twippin this shit hurt how many pills can i take","0.08","0.302","[0.801980198019802, 0.19801980198019803, 0.0]","[0.0, 0.0, 0.0]"
"my dentist is great but she is expensive","0.267","0.0","[0.33910891089108913, 0.6608910891089109, 0.0]","[1.0, 1.0, 1.0]"
"is studing math tomorrow exam and dentist","0.0","0.0","[1.0, 0.0, 0.0]","[1.0, 1.0, 1.0]"
"my dentist was wrong wrong","0.0","0.674","[1.0, 0.0, 0.0]","[0.0, 0.0, 0.0]"
"going to the dentist later","0.0","0.0","[1.0, 0.0, 0.0]","[1.0, 1.0, 1.0]"
"son has me looking at cars online i hate car shopping would rather go to the dentist anyone with a good car at a good price to sell","0.184","0.117","[0.5445544554455446, 0.4554455445544554, 0.0]","[0.0, 0.0, 0.0]"
"luke and i got stopped walking out of safeway and asked to empty our pockets and lift our shirts how jacked up is that","0.0","0.15","[1.0, 0.0, 0.0]","[0.0, 0.0, 0.0]"
"safeway is very rock n roll tonight","0.0","0.0","[1.0, 0.0, 0.0]","[1.0, 1.0, 1.0]"
"the safeway bathroom still smells like ass","0.227","0.318","[0.4381188118811881, 0.5618811881188119, 0.0]","[0.0, 0.0, 0.0]"
"at safeway on elkhorn they move like they are dead","0.169","0.291","[0.5816831683168316, 0.41831683168316836, 0.0]","[0.0, 0.0, 0.0]"
"i love dwight howard s vitamin water commercial now i wish he was with nike and not adidas lol","0.388","0.1","[0.03960396039603964, 0.9603960396039604, 0.0]","[0.0, 0.0, 0.0]"
"found nothing at nike factory off to banana republic outlet","0.0","0.0","[1.0, 0.0, 0.0]","[1.0, 1.0, 1.0]"
"is lovin his nike already and that is only from running on the spot in his bedroom","0.0","0.0","[1.0, 0.0, 0.0]","[1.0, 1.0, 1.0]"
"i finally got around to using jquery to make my bio collapse yay for slide animations","0.173","0.163","[0.5717821782178218, 0.4282178217821782, 0.0]","[0.0, 0.0, 0.0]"
"right lol we will get there i have high expectations warren buffet style","0.203","0.0","[0.4975247524752475, 0.5024752475247525, 0.0]","[1.0, 1.0, 1.0]"
"rt rt great someone s sitting in the shade today because someone planted a tree a long time ago warren buffet","0.194","0.0","[0.5198019801980198, 0.4801980198019802, 0.0]","[1.0, 1.0, 1.0]"
"warren buffet became for a time the richest man in the united states not by working but investing in big idea which lead to the fortune","0.151","0.0","[0.6262376237623762, 0.3737623762376237, 0.0]","[1.0, 1.0, 1.0]"
"according to the create a school notre dame will have receivers in ncaa at or higher rating sweet","0.254","0.0","[0.37128712871287134, 0.6287128712871287, 0.0]","[1.0, 1.0, 1.0]"
"it is definitely under warranty amp my experience is the amazon support for kindle is great had to contact them about my kindle","0.371","0.0","[0.08168316831683176, 0.9183168316831682, 0.0]","[1.0, 1.0, 1.0]"
"time warner road runner customer support here absolutely blows i hate not having other high speed net options i am ready to go nuclear","0.185","0.141","[0.5420792079207921, 0.4579207920792079, 0.0]","[0.0, 0.0, 0.0]"
"time warner cable phone reps r dumber than nails ugh cable was working mins ago now its not wtf","0.131","0.227","[0.6757425742574258, 0.32425742574257427, 0.0]","[0.0, 0.0, 0.0]"
"we tried but time warner wasn t being nice so we recorded today","0.252","0.0","[0.3762376237623763, 0.6237623762376238, 0.0]","[1.0, 1.0, 1.0]"
"omg time warner f ed up my internet install instead of today its now next saturday another week w o internet amp ehfa v fhg fml","0.0","0.0","[1.0, 0.0, 0.0]","[1.0, 1.0, 1.0]"
"wth i have never seen a line this loooong at time warner before ugh","0.0","0.383","[1.0, 0.0, 0.0]","[0.0, 0.0, 0.0]"
"impatiently awaiting the arrival of the time warner guy it is way too pretty to be inside all afternoon","0.14","0.118","[0.6534653465346534, 0.34653465346534656, 0.0]","[0.0, 0.0, 0.0]"
"naive bayes using em for text classification really frustrating","0.0","0.431","[1.0, 0.0, 0.0]","[0.0, 0.0, 0.0]"
"we went to stanford university today got a tour made me want to go back to college it is also decided all of our kids will go there","0.048","0.0","[0.8811881188118812, 0.1188118811881188, 0.0]","[1.0, 1.0, 1.0]"
"if you are being harassed by calls about your car warranty changing your number will not fix that they call every number d bags","0.1","0.134","[0.7524752475247525, 0.24752475247524752, 0.0]","[0.0, 0.0, 0.0]"
"just blocked united blood services using google voice they call more than those car warranty guys","0.148","0.111","[0.6336633663366338, 0.3663366336633663, 0.0]","[0.0, 0.0, 0.0]"
"at amp t is complete fail","0.0","0.467","[1.0, 0.0, 0.0]","[0.0, 0.0, 0.0]"
"oh snap you work at at amp t don t you","0.0","0.0","[1.0, 0.0, 0.0]","[1.0, 1.0, 1.0]"
"i really do not want at amp t phone service they suck when it comes to having a signal","0.0","0.239","[1.0, 0.0, 0.0]","[0.0, 0.0, 0.0]"
"i say we just cut out the small talk at amp t s new slogan f__k you give us your money apologies to bob geldof","0.0","0.091","[1.0, 0.0, 0.0]","[0.0, 0.0, 0.0]"
"pissed about at amp t s mid contract upgrade price for the iphone it is more i am not going to pay for something i thought was","0.049","0.159","[0.8787128712871287, 0.12128712871287128, 0.0]","[0.0, 0.0, 0.0]"
"safari is fast even on my shitty at amp t tethering","0.0","0.286","[1.0, 0.0, 0.0]","[0.0, 0.0, 0.0]"
"what is at amp t fucking up","0.0","0.0","[1.0, 0.0, 0.0]","[1.0, 1.0, 1.0]"
"at amp t dropped the ball and isn t supporting crap with the new iphone fail att sucks","0.123","0.366","[0.6955445544554456, 0.3044554455445544, 0.0]","[0.0, 0.0, 0.0]"
"yay glad you got the phone still damn you at amp t","0.374","0.158","[0.07425742574257432, 0.9257425742574257, 0.0]","[0.0, 0.0, 0.0]"
"talk is cheap bing that i will stick with google","0.0","0.0","[1.0, 0.0, 0.0]","[1.0, 1.0, 1.0]"
"wtf is the point of deleting tweets if they can still be found in summize and searches twitter please fix that thanks and bye","0.173","0.127","[0.5717821782178218, 0.4282178217821782, 0.0]","[0.0, 0.0, 0.0]"
"i love google translator too d good day mate","0.587","0.0","[0.0, 0.5470297029702972, 0.4529702970297028]","[1.0, 1.0, 1.0]"
"reading on my new kindle","0.0","0.0","[1.0, 0.0, 0.0]","[1.0, 1.0, 1.0]"
"my kindle came and i love it","0.457","0.0","[0.0, 0.8688118811881188, 0.13118811881188117]","[1.0, 1.0, 1.0]"
"loving my new kindle named her kendra in case u we are wondering the cookbook is the tool cuz it tells u all the tricks best gift evr","0.319","0.043","[0.21039603960396044, 0.7896039603960395, 0.0]","[0.0, 0.0, 0.0]"
"the real aig scandal","0.0","0.492","[1.0, 0.0, 0.0]","[0.0, 0.0, 0.0]"
"obama is quite a good comedian check out his dinner speech on cnn very funny jokes","0.512","0.0","[0.0, 0.7326732673267327, 0.2673267326732673]","[1.0, 1.0, 1.0]"
"barack obama shows his funny side gt gt great speech","0.651","0.0","[0.0, 0.3886138613861387, 0.6113861386138614]","[1.0, 1.0, 1.0]"
"i like this guy barack obama shows his funny side gt gt","0.578","0.0","[0.0, 0.5693069306930695, 0.4306930693069305]","[1.0, 1.0, 1.0]"
"obama s speech was pretty awesome last night","0.593","0.0","[0.0, 0.5321782178217823, 0.4678217821782177]","[1.0, 1.0, 1.0]"
"reading bill clinton fail obama win","0.336","0.31","[0.16831683168316833, 0.8316831683168316, 0.0]","[0.0, 0.0, 0.0]"
"obama more popular than u s among arabs survey president barack obama s popularity in leading arab countries","0.323","0.0","[0.20049504950495053, 0.7995049504950495, 0.0]","[1.0, 1.0, 1.0]"
"obama s got jokes haha just got to watch a bit of his after dinner speech from last night i am in love with mr president","0.315","0.0","[0.22029702970297033, 0.7797029702970296, 0.0]","[1.0, 1.0, 1.0]"
"lebron james got in a car accident i guess just heard it on evening news wow i cannot believe it will he be ok","0.221","0.114","[0.452970297029703, 0.547029702970297, 0.0]","[0.0, 0.0, 0.0]"
"is it me or is this the best the playoffs have been in years oh yea lebron and melo in the finals","0.167","0.0","[0.5866336633663366, 0.4133663366336634, 0.0]","[1.0, 1.0, 1.0]"
"no lebron is the best","0.447","0.234","[0.0, 0.8935643564356436, 0.10643564356435639]","[0.0, 0.0, 0.0]"
"lebron is cool i like his personality he has good character","0.524","0.0","[0.0, 0.702970297029703, 0.297029702970297]","[1.0, 1.0, 1.0]"
"watching lebron highlights damn that niggas good","0.242","0.425","[0.400990099009901, 0.5990099009900989, 0.0]","[0.0, 0.0, 0.0]"
"lebron is murdering shit","0.0","0.798","[1.0, 0.0, 0.0]","[0.0, 0.0, 0.0]"
"lebron is a monsta and he is only smh the world ain t ready","0.169","0.155","[0.5816831683168316, 0.41831683168316836, 0.0]","[0.0, 0.0, 0.0]"
"when lebron is done in the nba he will probably be greater than kobe like u said kobe is good but there alot of good players","0.307","0.0","[0.24009900990099015, 0.7599009900990098, 0.0]","[1.0, 1.0, 1.0]"
"kobe is good bt lebron has my vote","0.293","0.0","[0.27475247524752483, 0.7252475247524751, 0.0]","[1.0, 1.0, 1.0]"
"kobe is the best in the world not lebron","0.344","0.0","[0.14851485148514865, 0.8514851485148514, 0.0]","[1.0, 1.0, 1.0]"
"world cup access damn that is a good look","0.25","0.233","[0.38118811881188125, 0.6188118811881188, 0.0]","[0.0, 0.0, 0.0]"
"just bought my tickets for the fifa world cup in south africa its going to be a great summer","0.194","0.0","[0.5198019801980198, 0.4801980198019802, 0.0]","[1.0, 1.0, 1.0]"
"i have to go to booz allen hamilton for a hr meeting but then i get to go home","0.0","0.0","[1.0, 0.0, 0.0]","[1.0, 1.0, 1.0]"
"the great indian tamasha truly will unfold from may the result day for indian general election","0.333","0.0","[0.17574257425742576, 0.8242574257425742, 0.0]","[1.0, 1.0, 1.0]"
"i have the kindle i have seen pictures of the dx but haven t seen it in person i love my kindle i am on it everyday","0.205","0.088","[0.4925742574257426, 0.5074257425742573, 0.0]","[0.0, 0.0, 0.0]"
"such an awesome idea the continual learning program with a kindle","0.313","0.0","[0.2252475247524753, 0.7747524752475247, 0.0]","[1.0, 1.0, 1.0]"
"ooooh what model are you getting i have the d and love love love love it","0.627","0.0","[0.0, 0.4480198019801981, 0.5519801980198019]","[1.0, 1.0, 1.0]"
"the times of india the wonder that is india s election","0.0","0.0","[1.0, 0.0, 0.0]","[1.0, 1.0, 1.0]"
"good video from google on using search options","0.293","0.0","[0.27475247524752483, 0.7252475247524751, 0.0]","[1.0, 1.0, 1.0]"
"lol ah my skin is itchy damn lawnmowing","0.222","0.381","[0.4504950495049505, 0.5495049504950494, 0.0]","[0.0, 0.0, 0.0]"
"itchy back do not ya hate it","0.297","0.208","[0.2648514851485149, 0.735148514851485, 0.0]","[0.0, 0.0, 0.0]"
"stanford charity fashion show a top draw","0.535","0.0","[0.0, 0.6757425742574257, 0.32425742574257427]","[1.0, 1.0, 1.0]"
"stanford university s facebook profile is one of the most popular official university pages","0.205","0.0","[0.4925742574257426, 0.5074257425742573, 0.0]","[1.0, 1.0, 1.0]"
"lyx is cool","0.535","0.0","[0.0, 0.6757425742574257, 0.32425742574257427]","[1.0, 1.0, 1.0]"
"sooo dissapointed they sent danny gokey home you still rock danny my hometown hero yeah milrockee","0.293","0.0","[0.27475247524752483, 0.7252475247524751, 0.0]","[1.0, 1.0, 1.0]"
"rt american idol fashion adam lambert tones down danny gokey cute","0.231","0.0","[0.4282178217821782, 0.5717821782178217, 0.0]","[1.0, 1.0, 1.0]"
"i love you danny gokey","0.583","0.0","[0.0, 0.5569306930693071, 0.4430693069306929]","[1.0, 1.0, 1.0]"
"so tired i didn t sleep we will at all last night","0.0","0.262","[1.0, 0.0, 0.0]","[0.0, 0.0, 0.0]"
"boarding plane for san francisco in hour hr flight blech","0.0","0.0","[1.0, 0.0, 0.0]","[1.0, 1.0, 1.0]"
"bonjour san francisco my back hurts from last night","0.0","0.279","[1.0, 0.0, 0.0]","[0.0, 0.0, 0.0]"
"with my best girl for a few more hours in san francisco mmmmmfamily is wonderful","0.397","0.0","[0.017326732673267342, 0.9826732673267327, 0.0]","[1.0, 1.0, 1.0]"
"f up big or go home aig","0.0","0.0","[1.0, 0.0, 0.0]","[1.0, 1.0, 1.0]"
"went to see the star trek movie last night very satisfying","0.248","0.0","[0.38613861386138615, 0.6138613861386139, 0.0]","[1.0, 1.0, 1.0]"
"i cannot wait going to see star trek tonight","0.0","0.0","[1.0, 0.0, 0.0]","[1.0, 1.0, 1.0]"
"star trek was as good as everyone said","0.293","0.0","[0.27475247524752483, 0.7252475247524751, 0.0]","[1.0, 1.0, 1.0]"
"am loving new malcolm gladwell book outliers","0.394","0.0","[0.024752475247524774, 0.9752475247524752, 0.0]","[1.0, 1.0, 1.0]"
"i highly recommend malcolm gladwell s the tipping point my next audiobook will probably be one of his as we will","0.134","0.0","[0.6683168316831682, 0.3316831683168317, 0.0]","[1.0, 1.0, 1.0]"
"malcolm gladwell is a genius at tricking people into not realizing he is a fucking idiot","0.066","0.215","[0.8366336633663366, 0.16336633663366337, 0.0]","[0.0, 0.0, 0.0]"
"hey no offense but malcolm gladwell is a pretenious annoying cunt and he brings you down cannot read his shit","0.135","0.38","[0.6658415841584158, 0.3341584158415842, 0.0]","[0.0, 0.0, 0.0]"
"rt great article by malcolm gladwell","0.451","0.0","[0.0, 0.8836633663366337, 0.1163366336633663]","[1.0, 1.0, 1.0]"
"i seriously underestimated malcolm gladwell i want to meet this dude","0.117","0.342","[0.7103960396039604, 0.2896039603960396, 0.0]","[0.0, 0.0, 0.0]"
"i hate comcast right now everything is down cable internet amp phone ughh what am i to do","0.0","0.198","[1.0, 0.0, 0.0]","[0.0, 0.0, 0.0]"
"comcast sucks","0.0","0.714","[1.0, 0.0, 0.0]","[0.0, 0.0, 0.0]"
"the day i never have to deal with comcast again will rank as one of the best days of my life","0.181","0.0","[0.551980198019802, 0.448019801980198, 0.0]","[1.0, 1.0, 1.0]"
"did comcast fail again","0.0","0.538","[1.0, 0.0, 0.0]","[0.0, 0.0, 0.0]"
"curses the twitter api limit","0.0","0.0","[1.0, 0.0, 0.0]","[1.0, 1.0, 1.0]"
"now i can see why dave winer screams about lack of twitter api its limitations and access throttles","0.0","0.231","[1.0, 0.0, 0.0]","[0.0, 0.0, 0.0]"
"arg twitter api is making me crazy","0.0","0.286","[1.0, 0.0, 0.0]","[0.0, 0.0, 0.0]"
"i am really loving the new search site wolfram alpha makes google seem so quaint","0.244","0.0","[0.39603960396039606, 0.6039603960396038, 0.0]","[1.0, 1.0, 1.0]"
"wolfram alpha sucks even for researchers the information provided is less than you can get from google or wikipedia totally useless","0.0","0.227","[1.0, 0.0, 0.0]","[0.0, 0.0, 0.0]"
"off to the nike factory","0.0","0.0","[1.0, 0.0, 0.0]","[1.0, 1.0, 1.0]"
"new nike muppet commercials are pretty cute why do we live together again","0.36","0.0","[0.10891089108910901, 0.891089108910891, 0.0]","[1.0, 1.0, 1.0]"
"oh those are awesome i so wish they weren t owned by nike","0.458","0.0","[0.0, 0.8663366336633663, 0.13366336633663364]","[1.0, 1.0, 1.0]"
"awesome seeing the show friday at the shoreline amphitheatre never seen nin before cannot wait","0.227","0.0","[0.4381188118811881, 0.5618811881188119, 0.0]","[1.0, 1.0, 1.0]"
"arhh it is weka bug and i spent almost two hours to find that out crappy me","0.0","0.194","[1.0, 0.0, 0.0]","[0.0, 0.0, 0.0]"
"hey bud np i do so love my d although i d love a d mkii more","0.587","0.0","[0.0, 0.5470297029702972, 0.4529702970297028]","[1.0, 1.0, 1.0]"
"just got us a d for the office d","0.0","0.0","[1.0, 0.0, 0.0]","[1.0, 1.0, 1.0]"
"just picked up my new canon d it is beautiful prepare for some seriously awesome photography","0.369","0.078","[0.08663366336633671, 0.9133663366336633, 0.0]","[0.0, 0.0, 0.0]"
"just got my new toy canon d love love love it","0.643","0.0","[0.0, 0.4084158415841585, 0.5915841584158416]","[1.0, 1.0, 1.0]"
"learning about lambda calculus","0.0","0.0","[1.0, 0.0, 0.0]","[1.0, 1.0, 1.0]"
"i am moving to east palo alto","0.0","0.0","[1.0, 0.0, 0.0]","[1.0, 1.0, 1.0]"
"atebits i just finished watching your stanford iphone class session i really appreciate it you rock","0.187","0.0","[0.5371287128712872, 0.46287128712871284, 0.0]","[1.0, 1.0, 1.0]"
"hi just saw your stanford talk and really liked your advice just saying hi from singapore yes the videos do get around","0.225","0.0","[0.4430693069306931, 0.5569306930693069, 0.0]","[1.0, 1.0, 1.0]"
"lakers tonight let us go","0.0","0.0","[1.0, 0.0, 0.0]","[1.0, 1.0, 1.0]"
"will the lakers kick the nuggets ass tonight","0.0","0.333","[1.0, 0.0, 0.0]","[0.0, 0.0, 0.0]"
"oooooooh north korea is in troubleeeee","0.0","0.0","[1.0, 0.0, 0.0]","[1.0, 1.0, 1.0]"
"wat the heck is north korea doing they just conducted powerful nuclear tests follow the link","0.157","0.0","[0.6113861386138614, 0.38861386138613857, 0.0]","[1.0, 1.0, 1.0]"
"listening to obama friggin north korea","0.0","0.0","[1.0, 0.0, 0.0]","[1.0, 1.0, 1.0]"
"i just realized we three monkeys in the white obama biden pelosi sarah palin","0.0","0.0","[1.0, 0.0, 0.0]","[1.0, 1.0, 1.0]"
"pelosi should stay in china and never come back","0.0","0.0","[1.0, 0.0, 0.0]","[1.0, 1.0, 1.0]"
"nancy pelosi gave the worst commencement speech i have ever heard yes i am still bitter about this","0.119","0.305","[0.7054455445544554, 0.29455445544554454, 0.0]","[0.0, 0.0, 0.0]"
"ugh the amount of times these stupid insects have bitten me grr","0.0","0.383","[1.0, 0.0, 0.0]","[0.0, 0.0, 0.0]"
"prettiest insects ever pink katydids","0.481","0.0","[0.0, 0.8094059405940596, 0.19059405940594049]","[1.0, 1.0, 1.0]"
"just got barraged by a horde of insects hungry for my kitchen light so scary","0.0","0.24","[1.0, 0.0, 0.0]","[0.0, 0.0, 0.0]"
"just had mcdonalds for dinner d it was goooood big mac meal","0.0","0.0","[1.0, 0.0, 0.0]","[1.0, 1.0, 1.0]"
"ahh yes lol ima tell my hubby to go get me sum mcdonalds","0.333","0.0","[0.17574257425742576, 0.8242574257425742, 0.0]","[1.0, 1.0, 1.0]"
"stopped to have lunch at mcdonalds chicken nuggetssss yummmmmy","0.0","0.192","[1.0, 0.0, 0.0]","[0.0, 0.0, 0.0]"
"could go for a lot of mcdonalds i mean a lot","0.0","0.0","[1.0, 0.0, 0.0]","[1.0, 1.0, 1.0]"
"my exam went good your prayers worked","0.326","0.0","[0.1930693069306931, 0.806930693069307, 0.0]","[1.0, 1.0, 1.0]"
"only one exam left and i am so happy for it d","0.345","0.0","[0.14603960396039617, 0.8539603960396038, 0.0]","[1.0, 1.0, 1.0]"
"math review i am going to fail the exam","0.0","0.333","[1.0, 0.0, 0.0]","[0.0, 0.0, 0.0]"
"colin powell rocked yesterday on cbs cheney needs to shut the he will up and go home powell is a man of honor and served our country proudly","0.214","0.0","[0.4702970297029703, 0.5297029702970296, 0.0]","[1.0, 1.0, 1.0]"
"obviously not siding with cheney here","0.0","0.0","[1.0, 0.0, 0.0]","[1.0, 1.0, 1.0]"
"absolutely hilarious from","0.599","0.0","[0.0, 0.5173267326732675, 0.48267326732673255]","[1.0, 1.0, 1.0]"
"i never did thank you for including me in your top twitter authors you rock amp i new wave d","0.095","0.112","[0.7648514851485149, 0.23514851485148514, 0.0]","[0.0, 0.0, 0.0]"
"rt awesome jquery reference book for coda webdesign","0.369","0.0","[0.08663366336633671, 0.9133663366336633, 0.0]","[1.0, 1.0, 1.0]"
"i have been sending e mails like crazy today to my contacts does anyone have a contact at goodby silverstein i d love to speak to them","0.238","0.085","[0.4108910891089109, 0.589108910891089, 0.0]","[0.0, 0.0, 0.0]"
"goodby silverstein s new site i enjoy it","0.39","0.0","[0.034653465346534684, 0.9653465346534653, 0.0]","[1.0, 1.0, 1.0]"
"wow everyone at the google i o conference got free g s with a month of unlimited service","0.392","0.0","[0.02970297029702973, 0.9702970297029703, 0.0]","[1.0, 1.0, 1.0]"
"dood i got a free google android phone at the i o conference the g","0.268","0.0","[0.33663366336633666, 0.6633663366336634, 0.0]","[1.0, 1.0, 1.0]"
"the g is amazing btw a huge improvement over the g","0.645","0.0","[0.0, 0.40346534653465355, 0.5965346534653465]","[1.0, 1.0, 1.0]"
"html demos lots of great stuff to come yes i am excited io googleio","0.479","0.0","[0.0, 0.8143564356435645, 0.18564356435643553]","[1.0, 1.0, 1.0]"
"yay happy place place place i love google","0.739","0.0","[0.0, 0.17079207920792094, 0.8292079207920791]","[1.0, 1.0, 1.0]"
"googleio o d bringing d graphics to the browser very nice tbh funfun","0.256","0.0","[0.3663366336633664, 0.6336633663366337, 0.0]","[1.0, 1.0, 1.0]"
"awesome viral marketing for funny people","0.636","0.0","[0.0, 0.42574257425742584, 0.5742574257425742]","[1.0, 1.0, 1.0]"
"saw night at the museum out of sheer desperation who is funding these movies","0.0","0.188","[1.0, 0.0, 0.0]","[0.0, 0.0, 0.0]"
"night at the museum pretty furkin good","0.55","0.0","[0.0, 0.6386138613861385, 0.36138613861386143]","[1.0, 1.0, 1.0]"
"watching night at the museum giggling","0.333","0.0","[0.17574257425742576, 0.8242574257425742, 0.0]","[1.0, 1.0, 1.0]"
"back from seeing star trek and night at the museum star trek was amazing but night at the museum was eh","0.107","0.0","[0.7351485148514852, 0.2648514851485148, 0.0]","[1.0, 1.0, 1.0]"
"just watched night at the museum so stinkin cute","0.291","0.0","[0.2797029702970298, 0.7202970297029702, 0.0]","[1.0, 1.0, 1.0]"
"so night at the museum was awesome much better than part next weekend we will see up","0.318","0.0","[0.2128712871287129, 0.787128712871287, 0.0]","[1.0, 1.0, 1.0]"
"saw the new night at the museum and i loved it next is to go see up in d","0.196","0.0","[0.5148514851485149, 0.48514851485148514, 0.0]","[1.0, 1.0, 1.0]"
"it is a shame about gm what if they are forced to make only cars the white house thinks will sell what do you think","0.0","0.217","[1.0, 0.0, 0.0]","[0.0, 0.0, 0.0]"
"as u may have noticed not too happy about the gm situation nor aig lehman et al","0.0","0.167","[1.0, 0.0, 0.0]","[0.0, 0.0, 0.0]"
"gm good riddance sad though","0.322","0.344","[0.202970297029703, 0.7970297029702971, 0.0]","[0.0, 0.0, 0.0]"
"i will never buy a government motors vehicle until just recently i drove gm cars since when i bought a","0.0","0.0","[1.0, 0.0, 0.0]","[1.0, 1.0, 1.0]"
"having the old coca cola guy on the gm board is stupid has heck tcot ala","0.0","0.185","[1.0, 0.0, 0.0]","[0.0, 0.0, 0.0]"
"rantsandraves the worst thing about gm concord pleasant hill martinez is the fucking uaw","0.17","0.211","[0.5792079207920792, 0.42079207920792083, 0.0]","[0.0, 0.0, 0.0]"
"give a man a fish u feed him for the day teach him to fish u feed him for life buy him gm and u f k him over for good","0.112","0.0","[0.7227722772277227, 0.2772277227722772, 0.0]","[1.0, 1.0, 1.0]"
"the more i hear about this gm thing the more angry i get billions wasted more bullshit all for something like k employees and all the","0.077","0.336","[0.8094059405940595, 0.19059405940594057, 0.0]","[0.0, 0.0, 0.0]"
"i own a gm car and it is junk as far as quality compared to a honda","0.0","0.0","[1.0, 0.0, 0.0]","[1.0, 1.0, 1.0]"
"sad day bankrupt gm","0.0","0.77","[1.0, 0.0, 0.0]","[0.0, 0.0, 0.0]"
"is upset about the whole gm thing life as i know it is so screwed up","0.0","0.341","[1.0, 0.0, 0.0]","[0.0, 0.0, 0.0]"
"whoever is running time warner needs to be repeatedly raped by a rhino so they understand the consequences of putting out shitty cable svcs","0.0","0.281","[1.0, 0.0, 0.0]","[0.0, 0.0, 0.0]"
"wftb joining a bit late my connection was down boo time warner","0.0","0.0","[1.0, 0.0, 0.0]","[1.0, 1.0, 1.0]"
"cox or time warner cox is cheaper and gets a b on dslreports tw is more expensive and gets a c","0.0","0.0","[1.0, 0.0, 0.0]","[1.0, 1.0, 1.0]"
"i am furious with time warner and their phone promotions","0.0","0.316","[1.0, 0.0, 0.0]","[0.0, 0.0, 0.0]"
"just got home from chick fil a with the boys damn my internets down stupid time warner","0.0","0.303","[1.0, 0.0, 0.0]","[0.0, 0.0, 0.0]"
"could time warner cable suck more no","0.0","0.519","[1.0, 0.0, 0.0]","[0.0, 0.0, 0.0]"
"pissed at time warner for causin me to have slow internet problems","0.0","0.408","[1.0, 0.0, 0.0]","[0.0, 0.0, 0.0]"
"ummm having some time warner problems","0.0","0.351","[1.0, 0.0, 0.0]","[0.0, 0.0, 0.0]"
"you guys see this why does time warner have to suck so much ass really wish i could get u verse at my apartment","0.104","0.233","[0.7425742574257427, 0.2574257425742574, 0.0]","[0.0, 0.0, 0.0]"
"rt the upside to time warner unhelpful phone operators superslow on site service crap that is not an upside","0.0","0.126","[1.0, 0.0, 0.0]","[0.0, 0.0, 0.0]"
"rt new time warner slogan time warner where we make you long for the days before cable","0.0","0.0","[1.0, 0.0, 0.0]","[1.0, 1.0, 1.0]"
"confirmed it is time warner s fault not facebook s that fb is taking about minutes to load so tempted to switch to verizon","0.0","0.114","[1.0, 0.0, 0.0]","[0.0, 0.0, 0.0]"
"time warner epic fail","0.0","0.538","[1.0, 0.0, 0.0]","[0.0, 0.0, 0.0]"
"i know how sad is that rt st day of hurricane season that is less scarey than govt taking over gm","0.0","0.234","[1.0, 0.0, 0.0]","[0.0, 0.0, 0.0]"
"gm files bankruptcy not a good sign","0.0","0.325","[1.0, 0.0, 0.0]","[0.0, 0.0, 0.0]"
"yankees won mets lost its a good day","0.512","0.178","[0.0, 0.7326732673267327, 0.2673267326732673]","[0.0, 0.0, 0.0]"
"my dentist appt today was actually quite enjoyable","0.313","0.0","[0.2252475247524753, 0.7747524752475247, 0.0]","[1.0, 1.0, 1.0]"
"i hate the effing dentist","0.0","0.552","[1.0, 0.0, 0.0]","[0.0, 0.0, 0.0]"
"i hate going to the dentist","0.0","0.481","[1.0, 0.0, 0.0]","[0.0, 0.0, 0.0]"
"i hate the dentist who invented them anyways","0.0","0.381","[1.0, 0.0, 0.0]","[0.0, 0.0, 0.0]"
"this dentist s office is cold","0.0","0.0","[1.0, 0.0, 0.0]","[1.0, 1.0, 1.0]"
"just applied at safeway yeeeee","0.0","0.0","[1.0, 0.0, 0.0]","[1.0, 1.0, 1.0]"
"safeway place is a nightmare right now bumming","0.0","0.0","[1.0, 0.0, 0.0]","[1.0, 1.0, 1.0]"
"hate safeway select green tea icecream bought two cartons what a waste of money gt _ lt","0.102","0.316","[0.7475247524752475, 0.2524752475247524, 0.0]","[0.0, 0.0, 0.0]"
"nike rocks i am super grateful for what i have done with them amp the european division of nike is beyond","0.289","0.0","[0.28465346534653474, 0.7153465346534652, 0.0]","[1.0, 1.0, 1.0]"
"have you tried nike v addictive","0.0","0.0","[1.0, 0.0, 0.0]","[1.0, 1.0, 1.0]"
"the nike training club beta iphone app looks very interesting","0.25","0.0","[0.38118811881188125, 0.6188118811881188, 0.0]","[1.0, 1.0, 1.0]"
"argghhhh why will not my jquery appear in safari bad safari","0.0","0.259","[1.0, 0.0, 0.0]","[0.0, 0.0, 0.0]"
"i am ready to drop the pretenses i am forever in love with jquery and i want to marry it sorry ladies this nerd is jquery spokenfor js","0.245","0.172","[0.3935643564356436, 0.6064356435643563, 0.0]","[0.0, 0.0, 0.0]"
"super investors a great weekend read here from warren buffet oldie but a goodie","0.333","0.0","[0.17574257425742576, 0.8242574257425742, 0.0]","[1.0, 1.0, 1.0]"
"reading michael palin book the python years great book i also recommend warren buffet amp nelson mandela s bio","0.306","0.0","[0.24257425742574262, 0.7574257425742573, 0.0]","[1.0, 1.0, 1.0]"
"i mean i am down with notre dame if i have to it is a good school i d be closer to dan i d enjoy it","0.264","0.0","[0.34653465346534656, 0.6534653465346535, 0.0]","[1.0, 1.0, 1.0]"
"i cannot watch tv without a tivo and after all these years the time warner dvr still sucks","0.0","0.143","[1.0, 0.0, 0.0]","[0.0, 0.0, 0.0]"
"i d say some sports writers are idiots for saying roger federer is one of the best ever in tennis roger federer is the best ever in tennis","0.259","0.0","[0.35891089108910895, 0.6410891089108911, 0.0]","[1.0, 1.0, 1.0]"
"i still love my kindle but reading the new york times on it does not feel natural i miss the bloomingdale ads","0.178","0.111","[0.5594059405940595, 0.44059405940594054, 0.0]","[0.0, 0.0, 0.0]"
"i love my kindle no more stacks of books to trip over on the way to the loo","0.196","0.103","[0.5148514851485149, 0.48514851485148514, 0.0]","[0.0, 0.0, 0.0]"
"although today s keynote rocked for every great announcement at amp t shit on us just a little bit more","0.181","0.159","[0.551980198019802, 0.448019801980198, 0.0]","[0.0, 0.0, 0.0]"
"its not so much my obsession with cell phones but the iphone i am a slave to at amp t forever because of it","0.0","0.084","[1.0, 0.0, 0.0]","[0.0, 0.0, 0.0]"
"fuzzball is more fun than at amp t p","0.375","0.0","[0.07178217821782185, 0.9282178217821782, 0.0]","[1.0, 1.0, 1.0]"
"today is a good day to dislike at amp t vote out of office indeed","0.176","0.158","[0.5643564356435644, 0.4356435643564356, 0.0]","[0.0, 0.0, 0.0]"
"got my wave sandbox invite extra excited too bad i have class now but i will play with it soon enough io wave","0.241","0.089","[0.4034653465346535, 0.5965346534653464, 0.0]","[0.0, 0.0, 0.0]"
"looks like summize has gone down too many tweets from wwdc perhaps","0.185","0.0","[0.5420792079207921, 0.4579207920792079, 0.0]","[1.0, 1.0, 1.0]"
"thanks so much from one of your very happy kindle winners i was so surprised fabulous thank you best kathleen","0.658","0.0","[0.0, 0.37128712871287134, 0.6287128712871287]","[1.0, 1.0, 1.0]"
"man i kinda dislike apple right now case in point the iphone gs wish there was a video recorder app please","0.215","0.099","[0.46782178217821785, 0.5321782178217821, 0.0]","[0.0, 0.0, 0.0]"
"i have a kindle amp sony prs like it physical device feels good font is nice pg turns are snappy enuf ui a little klunky","0.301","0.0","[0.254950495049505, 0.745049504950495, 0.0]","[1.0, 1.0, 1.0]"
"the kindle seems the best ereader but will it work in the uk and where can i get one","0.133","0.0","[0.6707920792079208, 0.3292079207920792, 0.0]","[1.0, 1.0, 1.0]"
"i have a google addiction thank you for pointing that out hahaha","0.433","0.0","[0.0, 0.9282178217821783, 0.07178217821782171]","[1.0, 1.0, 1.0]"
"dearest you rich bastards the visa card you sent me doesn t work why screw a little guy like me","0.339","0.194","[0.1608910891089109, 0.8391089108910892, 0.0]","[0.0, 0.0, 0.0]"
"excited about seeing bobby flay and guy fieri tomorrow at the great american food amp music fest","0.302","0.0","[0.25247524752475253, 0.7475247524752475, 0.0]","[1.0, 1.0, 1.0]"
"gonna go see bobby flay moro at shoreline eat and drink gonna be good","0.182","0.0","[0.5495049504950495, 0.45049504950495045, 0.0]","[1.0, 1.0, 1.0]"
"cannot wait for the great american food and music festival at shoreline tomorrow mmm katz pastrami and bobby flay yes please","0.42","0.0","[0.0, 0.9603960396039605, 0.0396039603960395]","[1.0, 1.0, 1.0]"
"my dad was in ny for a day we ate at mesa grill last night and met bobby flay so much fun except i completely lost my voice today","0.115","0.083","[0.7153465346534653, 0.2846534653465347, 0.0]","[0.0, 0.0, 0.0]"
"fighting with latex again","0.0","0.455","[1.0, 0.0, 0.0]","[0.0, 0.0, 0.0]"
"we love you too and don t want you to die latex the devil","0.241","0.364","[0.4034653465346535, 0.5965346534653464, 0.0]","[0.0, 0.0, 0.0]"
"hours hours of inkscape crashing normally solid as a rock hours of latex complaining at the slightest thing i cannot take any more","0.071","0.08","[0.8242574257425743, 0.1757425742574257, 0.0]","[0.0, 0.0, 0.0]"
"shit s hitting the fan in iran craziness indeed iranelection","0.159","0.428","[0.6064356435643564, 0.3935643564356435, 0.0]","[0.0, 0.0, 0.0]"
"monday already iran may implode kitchen is a disaster seems happy had a nice weekend and is great whoop","0.383","0.148","[0.051980198019802026, 0.948019801980198, 0.0]","[0.0, 0.0, 0.0]"
"getting ready to test out some burger receipes this weekend bobby flay has some great receipes to try thanks bobby","0.358","0.0","[0.11386138613861396, 0.886138613861386, 0.0]","[1.0, 1.0, 1.0]"
"i lam so in love with bobby flay he is my favorite rt you need a place in phoenix we have great peppers here","0.379","0.0","[0.061881188118811936, 0.9381188118811881, 0.0]","[1.0, 1.0, 1.0]"
"i just created my first latex file from scratch that didn t work out very we will see it is a great time waster","0.243","0.0","[0.39851485148514854, 0.6014851485148514, 0.0]","[1.0, 1.0, 1.0]"
"using linux and loving it so much nicer than windows looking forward to using the wysiwyg latex editor","0.307","0.0","[0.24009900990099015, 0.7599009900990098, 0.0]","[1.0, 1.0, 1.0]"
"after using latex a lot any other typeset mathematics just looks hideous","0.0","0.0","[1.0, 0.0, 0.0]","[1.0, 1.0, 1.0]"
"on that note i hate word i hate pages i hate latex there i said it i hate latex all you texn rds can come kill me now","0.0","0.52","[1.0, 0.0, 0.0]","[0.0, 0.0, 0.0]"
"ahhh back in a real text editing environment i lt latex","0.0","0.0","[1.0, 0.0, 0.0]","[1.0, 1.0, 1.0]"
"trouble in iran i see hmm iran iran so far away flockofseagullsweregeopoliticallycorrect","0.0","0.213","[1.0, 0.0, 0.0]","[0.0, 0.0, 0.0]"
"reading the tweets coming out of iran the whole thing is terrifying and incredibly sad","0.0","0.353","[1.0, 0.0, 0.0]","[0.0, 0.0, 0.0]"
